age,sex,cp,trestbps,chol,fbs,restecg,thalach,exang,oldpeak,slope
0.375,1.0,0.6666666666666666,0.4605263157894737,0.27755102040816326,0.0,0.0,0.837953091684435,0.0,0.0,0.0
