age,sex,cp,trestbps,chol,fbs,restecg,thalach,exang,oldpeak,slope
0.3958333333333333,1.0,1.0,0.6842105263157895,0.18775510204081633,0.0,1.0,0.6162046908315565,1.0,0.25,0.5
