age,sex,cp,trestbps,chol,fbs,restecg,thalach,exang,oldpeak,slope
0.3958333333333333,1.0,0.0,1.0,0.8244897959183674,0.0,1.0,0.26652452025586354,1.0,0.25,0.5
