age,sex,cp,trestbps,chol,fbs,restecg,thalach,exang,oldpeak,slope
0.375,1.0,1.0,0.868421052631579,0.6530612244897959,0.0,1.0,0.19829424307036247,1.0,0.25,0.5
