age,sex,cp,trestbps,chol,fbs,restecg,thalach,exang,oldpeak,slope
0.3541666666666667,1.0,0.6666666666666666,0.34210526315789475,0.8734693877551021,0.0,0.0,0.7270788912579957,0.0,0.0,0.0
